{"train/epoch":0.00861707578368811,"train/global_step":185,"train/loss":0,"train/learning_rate":1.1487115802545793e-06,"_timestamp":1.738277258403962e+09,"_runtime":1170.284139392,"_wandb":{"runtime":1170},"train/grad_norm":0,"_step":184}