{"train/epoch":0.0005123666682192929,"train/learning_rate":6.830176963675877e-08,"train/loss":0,"_step":10,"train/grad_norm":0,"_wandb":{"runtime":89},"_timestamp":1.7382737070551393e+09,"train/global_step":11,"_runtime":89.128680159}