{"train/epoch":0.00186219739292365,"_timestamp":1.738278682890176e+09,"train/global_step":1,"_step":0,"train/learning_rate":2.469135802469136e-07,"train/grad_norm":0,"_wandb":{"runtime":331},"train/loss":0,"_runtime":134.512155383}