{"train/global_step":5,"_timestamp":1.738277446746717e+09,"_runtime":96.307608466,"train/grad_norm":0,"train/loss":0,"_wandb":{"runtime":97},"train/learning_rate":3.0959752321981424e-07,"train/epoch":0.002328830926874709,"_step":4}